epoch,time,train/box_loss,train/seg_loss,train/cls_loss,train/l1_loss,train/sem_loss,metrics/precision(B),metrics/recall(B),metrics/mAP50(B),metrics/mAP50-95(B),metrics/precision(M),metrics/recall(M),metrics/mAP50(M),metrics/mAP50-95(M),val/box_loss,val/seg_loss,val/cls_loss,val/l1_loss,val/sem_loss,lr/pg0,lr/pg1,lr/pg2,lr/pg3,lr/pg4,lr/pg5,lr/pg6,lr/pg7
1,6017.7,0.94325,0.79741,1.09284,0.00907,0.43631,0.80516,0.84255,0.8512,0.6149,0.80305,0.83824,0.84558,0.58232,0.81673,0.6594,0.48052,0.01237,0,0.0099998,0.00333327,0.0099998,0.00333327,0.0099998,0.00333327,0.0099998,0.00333327
2,10872.1,0.94511,0.70994,0.53136,0.00695,0.15538,0.84625,0.85692,0.8793,0.61895,0.84073,0.85088,0.87099,0.59237,0.84568,0.64722,0.41689,0.01404,0,0.0193398,0.0064466,0.0193398,0.0064466,0.0193398,0.0064466,0.0193398,0.0064466
3,15728.9,1.03369,0.70757,0.55353,0.00726,0.16111,0.77002,0.81331,0.83126,0.57914,0.77859,0.8221,0.8442,0.55331,0.80002,0.64758,0.45793,0.01233,0,0.0280198,0.00933994,0.0280198,0.00933994,0.0280198,0.00933994,0.0280198,0.00933994
4,20527.2,0.98691,0.71204,0.53972,0.00674,0.16203,0.83591,0.82487,0.84934,0.58444,0.85016,0.83933,0.87997,0.57688,0.78783,0.6444,0.41301,0.01288,0,0.02703,0.00901,0.02703,0.00901,0.02703,0.00901,0.02703,0.00901
5,25368.4,0.89847,0.69057,0.47475,0.00571,0.14382,0.84228,0.82377,0.85312,0.6042,0.84755,0.83458,0.87081,0.57505,0.729,0.63246,0.39622,0.01141,0,0.02604,0.00868,0.02604,0.00868,0.02604,0.00868,0.02604,0.00868
6,30174.3,0.83986,0.67446,0.44831,0.00517,0.13239,0.82555,0.81612,0.84958,0.60838,0.83438,0.82952,0.86914,0.57457,0.69018,0.6273,0.38128,0.01054,0,0.02505,0.00835,0.02505,0.00835,0.02505,0.00835,0.02505,0.00835
7,35007.5,0.80511,0.67128,0.42127,0.0048,0.12888,0.82832,0.83015,0.86796,0.62052,0.83723,0.8423,0.88134,0.58687,0.68383,0.62455,0.36692,0.01056,0,0.02406,0.00802,0.02406,0.00802,0.02406,0.00802,0.02406,0.00802
8,39803,0.77415,0.65975,0.3965,0.00454,0.12236,0.81016,0.86752,0.87799,0.62452,0.82707,0.86911,0.89071,0.58572,0.67085,0.61477,0.35593,0.01043,0,0.02307,0.00769,0.02307,0.00769,0.02307,0.00769,0.02307,0.00769
9,44650.1,0.75276,0.65456,0.37959,0.0043,0.11743,0.84694,0.86927,0.88822,0.63241,0.85233,0.87736,0.89718,0.59297,0.65675,0.61251,0.34633,0.01006,0,0.02208,0.00736,0.02208,0.00736,0.02208,0.00736,0.02208,0.00736
10,49451.6,0.73123,0.64753,0.36248,0.00411,0.11314,0.82529,0.87534,0.88242,0.62672,0.84231,0.87879,0.89701,0.59171,0.6526,0.60358,0.35009,0.01005,0,0.02109,0.00703,0.02109,0.00703,0.02109,0.00703,0.02109,0.00703
11,54273.9,0.71455,0.64018,0.35297,0.00397,0.10991,0.80425,0.88381,0.88283,0.62763,0.81719,0.89171,0.90037,0.58735,0.65106,0.60776,0.34887,0.01022,0,0.0201,0.0067,0.0201,0.0067,0.0201,0.0067,0.0201,0.0067
12,59096.3,0.70047,0.63815,0.34786,0.00388,0.10862,0.83578,0.89836,0.90068,0.63742,0.8413,0.90963,0.91563,0.5977,0.64798,0.60611,0.3483,0.01025,0,0.01911,0.00637,0.01911,0.00637,0.01911,0.00637,0.01911,0.00637
13,65450,0.68345,0.62973,0.33497,0.00367,0.10409,0.85058,0.8973,0.90158,0.63869,0.86017,0.91211,0.92106,0.59938,0.64467,0.60187,0.3514,0.01019,0,0.01812,0.00604,0.01812,0.00604,0.01812,0.00604,0.01812,0.00604
14,5001.49,0.68853,0.62915,0.33634,0.00368,0.10205,0.85244,0.90201,0.90949,0.64376,0.8578,0.91333,0.92455,0.60236,0.64001,0.60061,0.34577,0.01004,0,0.01713,0.00571,0.01713,0.00571,0.01713,0.00571,0.01713,0.00571
15,9802.63,0.67967,0.62646,0.32971,0.00361,0.1007,0.84574,0.90482,0.91075,0.64513,0.85393,0.91256,0.92385,0.60302,0.63683,0.59953,0.3418,0.00998,0,0.01614,0.00538,0.01614,0.00538,0.01614,0.00538,0.01614,0.00538
16,14725.3,0.6605,0.61885,0.3219,0.0035,0.09934,0.85006,0.89943,0.91037,0.64422,0.85873,0.91166,0.92486,0.60276,0.63403,0.59836,0.34045,0.00992,0,0.01515,0.00505,0.01515,0.00505,0.01515,0.00505,0.01515,0.00505
17,19397.5,0.64491,0.61472,0.31319,0.00336,0.09881,0.8638,0.89894,0.91603,0.64813,0.87166,0.90911,0.92979,0.60605,0.63015,0.5963,0.33733,0.00983,0,0.01416,0.00472,0.01416,0.00472,0.01416,0.00472,0.01416,0.00472
18,24045.7,0.62798,0.61266,0.30137,0.00322,0.09524,0.86543,0.89769,0.92004,0.65125,0.87428,0.90969,0.93265,0.60867,0.62837,0.59365,0.3338,0.0098,0,0.01317,0.00439,0.01317,0.00439,0.01317,0.00439,0.01317,0.00439
19,28696.8,0.61481,0.60908,0.2977,0.00311,0.09422,0.86578,0.90789,0.92036,0.65365,0.87702,0.91321,0.93258,0.60769,0.62617,0.59214,0.33082,0.00974,0,0.01218,0.00406,0.01218,0.00406,0.01218,0.00406,0.01218,0.00406
20,33323.2,0.60059,0.60298,0.29224,0.003,0.09191,0.86382,0.90948,0.92074,0.65433,0.87869,0.9152,0.93408,0.60671,0.62474,0.59082,0.32695,0.00976,0,0.01119,0.00373,0.01119,0.00373,0.01119,0.00373,0.01119,0.00373
21,37841.2,0.56586,0.54372,0.25557,0.00344,0.05554,0.87014,0.90822,0.92197,0.65664,0.88094,0.9167,0.9357,0.60826,0.62149,0.58964,0.32151,0.00967,0,0.0102,0.0034,0.0102,0.0034,0.0102,0.0034,0.0102,0.0034
22,42410.6,0.53707,0.5366,0.24191,0.00318,0.05486,0.87358,0.914,0.92652,0.65924,0.88089,0.92377,0.93819,0.61036,0.61897,0.58791,0.31529,0.00962,0,0.00921,0.00307,0.00921,0.00307,0.00921,0.00307,0.00921,0.00307
23,46930.3,0.51624,0.53128,0.22689,0.00301,0.05315,0.88092,0.90843,0.92679,0.659,0.88894,0.91407,0.93693,0.60899,0.61656,0.5863,0.3113,0.00962,0,0.00822,0.00274,0.00822,0.00274,0.00822,0.00274,0.00822,0.00274
24,51478.4,0.49731,0.52015,0.22139,0.00288,0.05178,0.88547,0.90536,0.92738,0.65908,0.89194,0.91334,0.93873,0.60968,0.6135,0.58511,0.30809,0.00957,0,0.00723,0.00241,0.00723,0.00241,0.00723,0.00241,0.00723,0.00241
25,56651.5,0.47426,0.51343,0.21848,0.00269,0.05023,0.88584,0.90315,0.92685,0.65756,0.90163,0.90186,0.93899,0.60933,0.61044,0.58625,0.30738,0.0095,0,0.00624,0.00208,0.00624,0.00208,0.00624,0.00208,0.00624,0.00208
26,64051.1,0.45578,0.50536,0.21316,0.00257,0.04991,0.88553,0.90073,0.92347,0.65475,0.8958,0.90809,0.93801,0.60814,0.60735,0.5823,0.30777,0.00945,0,0.00525,0.00175,0.00525,0.00175,0.00525,0.00175,0.00525,0.00175
27,71211,0.43884,0.49596,0.20339,0.00243,0.04888,0.88436,0.90942,0.9217,0.65215,0.88891,0.91495,0.93181,0.60569,0.6041,0.58066,0.31022,0.00938,0,0.00426,0.00142,0.00426,0.00142,0.00426,0.00142,0.00426,0.00142
28,77405.2,0.4214,0.49036,0.19511,0.00227,0.04736,0.8798,0.9148,0.92236,0.65188,0.88595,0.91793,0.93208,0.60496,0.6022,0.57975,0.31085,0.00932,0,0.00327,0.00109,0.00327,0.00109,0.00327,0.00109,0.00327,0.00109
29,84322.9,0.40514,0.48526,0.18767,0.00217,0.04704,0.88807,0.91014,0.91948,0.65018,0.89543,0.91515,0.93178,0.60214,0.60036,0.57856,0.30976,0.00931,0,0.00228,0.00076,0.00228,0.00076,0.00228,0.00076,0.00228,0.00076
30,89155,0.38898,0.48141,0.17866,0.00204,0.04589,0.89032,0.90593,0.91847,0.64914,0.8964,0.91124,0.93173,0.60044,0.5986,0.57761,0.30933,0.00927,0,0.00129,0.00043,0.00129,0.00043,0.00129,0.00043,0.00129,0.00043
